[

    {
        "type": "area2d",
        "renderAt": "chart-container2",
        "width": "400",
        "height": "300",
        "dataFormat": "json",
        "events": {},
        "dataSource": {
            "chart": {
                "caption": "Sales of Liquor",
                "subCaption": "Last week",
                "xAxisName": "Day",
                "yAxisName": "Sales (In USD)",
                "numberPrefix": "$",
                "paletteColors": "#0075c2",
                "bgColor": "#ffffff",
                "showBorder": "0",
                "showCanvasBorder": "0",
                "plotBorderAlpha": "10",
                "usePlotGradientColor": "0",
                "plotFillAlpha": "50",
                "showXAxisLine": "1",
                "axisLineAlpha": "25",
                "divLineAlpha": "10",
                "showValues": "1",
                "showAlternateHGridColor": "0",
                "captionFontSize": "14",
                "subcaptionFontSize": "14",
                "subcaptionFontBold": "0",
                "toolTipColor": "#ffffff",
                "toolTipBorderThickness": "0",
                "toolTipBgColor": "#000000",
                "toolTipBgAlpha": "80",
                "toolTipBorderRadius": "2",
                "toolTipPadding": "5"
            },
            "data": [
                {
                    "label": "Mon",
                    "value": "4123"
                },
                {
                    "label": "Tue",
                    "value": "4633"
                },
                {
                    "label": "Wed",
                    "value": "5507"
                },
                {
                    "label": "Thu",
                    "value": "4910"
                },
                {
                    "label": "Fri",
                    "value": "5529"
                },
                {
                    "label": "Sat",
                    "value": "5803"
                },
                {
                    "label": "Sun",
                    "value": "6202"
                }
            ]
        }
    },
    {
        "type": "doughnut3d",
        "renderAt": "chart-container3",
        "width": "450",
        "height": "300",
        "dataFormat": "json",
        "dataSource": {
            "chart": {
                "caption": "Split of Revenue by Product Categories",
                "subCaption": "Last year",
                "numberPrefix": "$",
                "paletteColors": "#0075c2,#1aaf5d,#f2c500,#f45b00,#8e0000",
                "bgColor": "#ffffff",
                "showBorder": "0",
                "use3DLighting": "0",
                "showShadow": "0",
                "enableSmartLabels": "0",
                "startingAngle": "310",
                "showLabels": "0",
                "showPercentValues": "1",
                "showLegend": "1",
                "legendShadow": "0",
                "legendBorderAlpha": "0",
                "decimals": "0",
                "captionFontSize": "14",
                "subcaptionFontSize": "14",
                "subcaptionFontBold": "0",
                "toolTipColor": "#ffffff",
                "toolTipBorderThickness": "0",
                "toolTipBgColor": "#000000",
                "toolTipBgAlpha": "80",
                "toolTipBorderRadius": "2",
                "toolTipPadding": "5"
            },
            "data": [
                {
                    "label": "Food",
                    "value": "28504"
                },
                {
                    "label": "Apparels",
                    "value": "14633"
                },
                {
                    "label": "Electronics",
                    "value": "10507"
                },
                {
                    "label": "Household",
                    "value": "4910"
                }
            ]
        }
    },
    {
        "type": "msline",
        "renderAt": "chart-container4",
        "width": "600",
        "height": "400",
        "dataFormat": "json",
        "dataSource": {
            "chart": {
                "caption": "Worldwide Smartphone Sales to End Users from 2011 to 2015",
                "subcaption": "By Top 3 Vendors",
                "linethickness": "2",
                "numberPrefix": "$",
                "showvalues": "0",
                "formatnumberscale": "1",
                "labeldisplay": "ROTATE",
                "slantlabels": "1",
                "divLineAlpha": "40",
                "anchoralpha": "0",
                "animation": "1",
                "legendborderalpha": "20",
                "drawCrossLine": "1",
                "crossLineColor": "#0d0d0d",
                "crossLineAlpha": "100",
                "tooltipGrayOutColor": "#80bfff",
                "theme": "zune"
            },
            "categories": [
                {
                    "category": [
                        {
                            "label": "Q1'12"
                        },
                        {
                            "label": "Q2'12"
                        },
                        {
                            "label": "Q3'12"
                        },
                        {
                            "label": "Q4'12"
                        },
                        {
                            "label": "Q1'13"
                        },
                        {
                            "label": "Q2'13"
                        },
                        {
                            "label": "Q3'13"
                        },
                        {
                            "label": "Q4'13"
                        },
                        {
                            "label": "Q1'14"
                        },
                        {
                            "label": "Q2'14"
                        },
                        {
                            "label": "Q3'14"
                        },
                        {
                            "label": "Q4'14"
                        },
                        {
                            "label": "Q1'15"
                        },
                        {
                            "label": "Q2'15"
                        },
                        {
                            "label": "Q3'15"
                        },
                        {
                            "label": "Q4'15"
                        },
                        {
                            "label": "Q1'16"
                        },
                        {
                            "label": "Q2'16"
                        },
                        {
                            "label": "Q3'16"
                        },
                        {
                            "label": "Q4'16"
                        }
                    ]
                }
            ],
            "dataset": [
                {
                    "seriesname": "Samsung",
                    "data": [
                        {
                            "value": "716000"
                        },
                        {
                            "value": "771700"
                        },
                        {
                            "value": "687800"
                        },
                        {
                            "value": "698300"
                        },
                        {
                            "value": "826100"
                        },
                        {
                            "value": "938300"
                        },
                        {
                            "value": "892800"
                        },
                        {
                            "value": "904300"
                        },
                        {
                            "value": "979600"
                        },
                        {
                            "value": "1069600"
                        },
                        {
                            "value": "1006600"
                        },
                        {
                            "value": "1075300"
                        },
                        {
                            "value": "1170500"
                        },
                        {
                            "value": "1192100"
                        },
                        {
                            "value": "1100500"
                        },
                        {
                            "value": "974200"
                        },
                        {
                            "value": "936200"
                        },
                        {
                            "value": "979900"
                        },
                        {
                            "value": "887400"
                        },
                        {
                            "value": "1020600"
                        }
                    ]
                },
                {
                    "seriesname": "Nokia",
                    "data": [
                        {
                            "value": "1174600"
                        },
                        {
                            "value": "1222800"
                        },
                        {
                            "value": "1075600"
                        },
                        {
                            "value": "978700"
                        },
                        {
                            "value": "1053500"
                        },
                        {
                            "value": "1117000"
                        },
                        {
                            "value": "831600"
                        },
                        {
                            "value": "834200"
                        },
                        {
                            "value": "823000"
                        },
                        {
                            "value": "850500"
                        },
                        {
                            "value": "632200"
                        },
                        {
                            "value": "609500"
                        },
                        {
                            "value": "630600"
                        },
                        {
                            "value": "635800"
                        },
                        {
                            "value": "496900"
                        },
                        {
                            "value": "438100"
                        },
                        {
                            "value": "431300"
                        },
                        {
                            "value": "330000"
                        },
                        {
                            "value": "276900"
                        },
                        {
                            "value": "302900"
                        }
                    ]
                },
                {
                    "seriesname": "Apple",
                    "data": [
                        {
                            "value": "134800"
                        },
                        {
                            "value": "160100"
                        },
                        {
                            "value": "168800"
                        },
                        {
                            "value": "196300"
                        },
                        {
                            "value": "173000"
                        },
                        {
                            "value": "354600"
                        },
                        {
                            "value": "331200"
                        },
                        {
                            "value": "289400"
                        },
                        {
                            "value": "246200"
                        },
                        {
                            "value": "434600"
                        },
                        {
                            "value": "383300"
                        },
                        {
                            "value": "319000"
                        },
                        {
                            "value": "303300"
                        },
                        {
                            "value": "502200"
                        },
                        {
                            "value": "430600"
                        },
                        {
                            "value": "353500"
                        },
                        {
                            "value": "381900"
                        },
                        {
                            "value": "601800"
                        },
                        {
                            "value": "480900"
                        },
                        {
                            "value": "460600"
                        }
                    ]
                }
            ]
        }
    },
    {
        "type": "msline",
        "renderAt": "chart-container5",
        "width": "550",
        "height": "350",
        "dataFormat": "json",
        "dataSource": {
            "chart": {
                "caption": "Number of visitors last week",
                "subCaption": "Bakersfield Central vs Los Angeles Topanga",
                "captionFontSize": "14",
                "subcaptionFontSize": "14",
                "subcaptionFontBold": "0",
                "paletteColors": "#0075c2,#1aaf5d",
                "bgcolor": "#ffffff",
                "showBorder": "0",
                "showShadow": "0",
                "showCanvasBorder": "0",
                "usePlotGradientColor": "0",
                "legendBorderAlpha": "0",
                "legendShadow": "0",
                "showAxisLines": "0",
                "showAlternateHGridColor": "0",
                "divlineThickness": "1",
                "divLineIsDashed": "1",
                "divLineDashLen": "1",
                "divLineGapLen": "1",
                "xAxisName": "Day",
                "showValues": "0"
            },
            "categories": [
                {
                    "category": [
                        {
                            "label": "Mon"
                        },
                        {
                            "label": "Tue"
                        },
                        {
                            "label": "Wed"
                        },
                        {
                            "vline": "true",
                            "lineposition": "0",
                            "color": "#6baa01",
                            "labelHAlign": "center",
                            "labelPosition": "0",
                            "label": "National holiday",
                            "dashed": "1"
                        },
                        {
                            "label": "Thu"
                        },
                        {
                            "label": "Fri"
                        },
                        {
                            "label": "Sat"
                        },
                        {
                            "label": "Sun"
                        }
                    ]
                }
            ],
            "dataset": [
                {
                    "seriesname": "Bakersfield Central",
                    "data": [
                        {
                            "value": "15123"
                        },
                        {
                            "value": "14233"
                        },
                        {
                            "value": "25507"
                        },
                        {
                            "value": "9110"
                        },
                        {
                            "value": "15529"
                        },
                        {
                            "value": "20803"
                        },
                        {
                            "value": "19202"
                        }
                    ]
                },
                {
                    "seriesname": "Los Angeles Topanga",
                    "data": [
                        {
                            "value": "13400"
                        },
                        {
                            "value": "12800"
                        },
                        {
                            "value": "22800"
                        },
                        {
                            "value": "12400"
                        },
                        {
                            "value": "15800"
                        },
                        {
                            "value": "19800"
                        },
                        {
                            "value": "21800"
                        }
                    ]
                }
            ],
            "trendlines": [
                {
                    "line": [
                        {
                            "startvalue": "17022",
                            "color": "#6baa01",
                            "valueOnRight": "1",
                            "displayvalue": "Average"
                        }
                    ]
                }
            ]
        }
    },
    {
        "type": "usa",
        "renderAt": "chart-container6",
        "width": "650",
        "height": "450",
        "dataFormat": "json",
        "dataSource": {
            "chart": {
                "theme": "fint",
                "caption": "Shipping Volume and Costs",
                "subcaption": "Harry's SuperMart Distribution Network - Last Month",
                "showMarkerLabels": "0",
                "numberSuffix": "%",
                "connectorHoverColor": "#f8bd19",
                "connectorHoverThickness": "3",
                "showMarkerHoverEffect": "1",
                "markerFillHoverColor": "#cccccc",
                "showLabels": "1"
            },
            "markers": {
                "shapes": [
                    {
                        "id": "myCustomShape",
                        "type": "circle",
                        "fillcolor": "#f8bd19",
                        "showborder": "0"
                    }
                ],
                "items": [
                    {
                        "shapeid": "myCustomShape",
                        "id": "WA",
                        "x": "54.5",
                        "y": "44.8",
                        "label": "Washington",
                        "radius": "1"
                    },
                    {
                        "shapeid": "myCustomShape",
                        "id": "OR",
                        "x": "58.3",
                        "y": "101.7",
                        "radius": "1"
                    },
                    {
                        "shapeid": "myCustomShape",
                        "id": "ID",
                        "x": "132.8",
                        "y": "110.7",
                        "radius": "1"
                    },
                    {
                        "shapeid": "myCustomShape",
                        "id": "MT",
                        "x": "188.8",
                        "y": "45.1",
                        "radius": "1"
                    },
                    {
                        "shapeid": "myCustomShape",
                        "id": "WY",
                        "x": "220",
                        "y": "121",
                        "radius": "1"
                    },
                    {
                        "shapeid": "myCustomShape",
                        "id": "AZ",
                        "x": "165",
                        "y": "261",
                        "radius": "1"
                    },
                    {
                        "shapeid": "myCustomShape",
                        "id": "UT",
                        "x": "170",
                        "y": "178",
                        "radius": "1"
                    },
                    {
                        "shapeid": "myCustomShape",
                        "id": "NV",
                        "x": "101",
                        "y": "193",
                        "radius": "1"
                    },
                    {
                        "shapeid": "myCustomShape",
                        "id": "LA",
                        "x": "406",
                        "y": "300",
                        "radius": "1"
                    },
                    {
                        "shapeid": "myCustomShape",
                        "id": "OK",
                        "x": "347",
                        "y": "245",
                        "radius": "1"
                    },
                    {
                        "shapeid": "myCustomShape",
                        "id": "NM",
                        "x": "238",
                        "y": "263",
                        "radius": "1"
                    },
                    {
                        "shapeid": "myCustomShape",
                        "id": "CO",
                        "x": "246.72",
                        "y": "179.01",
                        "radius": "1"
                    },
                    {
                        "shapeid": "myCustomShape",
                        "id": "KS",
                        "x": "335",
                        "y": "195",
                        "radius": "1"
                    },
                    {
                        "shapeid": "myCustomShape",
                        "id": "MO",
                        "x": "408",
                        "y": "197",
                        "radius": "1"
                    },
                    {
                        "shapeid": "myCustomShape",
                        "id": "AR",
                        "x": "413",
                        "y": "253",
                        "radius": "1"
                    },
                    {
                        "shapeid": "myCustomShape",
                        "id": "MS",
                        "x": "442",
                        "y": "277",
                        "radius": "1"
                    },
                    {
                        "shapeid": "myCustomShape",
                        "id": "NE",
                        "x": "318",
                        "y": "146",
                        "radius": "1"
                    },
                    {
                        "shapeid": "myCustomShape",
                        "id": "SD",
                        "x": "311",
                        "y": "99",
                        "radius": "1"
                    },
                    {
                        "shapeid": "myCustomShape",
                        "id": "ND",
                        "x": "310",
                        "y": "42",
                        "radius": "1"
                    },
                    {
                        "shapeid": "myCustomShape",
                        "id": "MN",
                        "x": "382",
                        "y": "61",
                        "radius": "1"
                    },
                    {
                        "shapeid": "myCustomShape",
                        "id": "WI",
                        "x": "439",
                        "y": "91",
                        "radius": "1"
                    },
                    {
                        "shapeid": "myCustomShape",
                        "id": "IA",
                        "x": "396",
                        "y": "139",
                        "radius": "1"
                    },
                    {
                        "shapeid": "myCustomShape",
                        "id": "IL",
                        "x": "445",
                        "y": "174",
                        "radius": "1"
                    },
                    {
                        "shapeid": "myCustomShape",
                        "id": "MI",
                        "x": "502",
                        "y": "114",
                        "radius": "1"
                    },
                    {
                        "shapeid": "myCustomShape",
                        "id": "IN",
                        "x": "483",
                        "y": "174",
                        "radius": "1"
                    },
                    {
                        "shapeid": "myCustomShape",
                        "id": "OH",
                        "x": "530",
                        "y": "168",
                        "radius": "1"
                    },
                    {
                        "shapeid": "myCustomShape",
                        "id": "KY",
                        "x": "501",
                        "y": "210",
                        "radius": "1"
                    },
                    {
                        "shapeid": "myCustomShape",
                        "id": "WV",
                        "x": "544",
                        "y": "199",
                        "radius": "1"
                    },
                    {
                        "shapeid": "myCustomShape",
                        "id": "PA",
                        "x": "593",
                        "y": "155",
                        "radius": "1"
                    },
                    {
                        "shapeid": "myCustomShape",
                        "id": "VA",
                        "x": "580",
                        "y": "210",
                        "radius": "1"
                    },
                    {
                        "shapeid": "myCustomShape",
                        "id": "NY",
                        "x": "620",
                        "y": "120",
                        "radius": "1"
                    },
                    {
                        "shapeid": "myCustomShape",
                        "id": "VT",
                        "x": "654",
                        "y": "95",
                        "radius": "1"
                    },
                    {
                        "shapeid": "myCustomShape",
                        "id": "ME",
                        "x": "700",
                        "y": "82",
                        "radius": "1"
                    },
                    {
                        "shapeid": "myCustomShape",
                        "id": "NH",
                        "x": "666",
                        "y": "114",
                        "radius": "1"
                    },
                    {
                        "shapeid": "myCustomShape",
                        "id": "MA",
                        "x": "655",
                        "y": "132",
                        "radius": "1"
                    },
                    {
                        "shapeid": "myCustomShape",
                        "id": "CT",
                        "x": "654",
                        "y": "146",
                        "radius": "1"
                    },
                    {
                        "shapeid": "myCustomShape",
                        "id": "TN",
                        "x": "490",
                        "y": "237",
                        "radius": "1"
                    },
                    {
                        "shapeid": "myCustomShape",
                        "id": "GA",
                        "x": "522",
                        "y": "283",
                        "radius": "1"
                    },
                    {
                        "shapeid": "myCustomShape",
                        "id": "AL",
                        "x": "489",
                        "y": "279",
                        "radius": "1"
                    },
                    {
                        "shapeid": "myCustomShape",
                        "id": "FL",
                        "x": "539",
                        "y": "350",
                        "radius": "1"
                    },
                    {
                        "shapeid": "myCustomShape",
                        "id": "TX",
                        "x": "333",
                        "y": "304",
                        "label": "Texas",
                        "value": "75",
                        "tooltext": "Capacity utilization:$value% {br}Packages shipped/day : 253240 Units(avg) {br}Packages received/day: 253400 Units(avg){br}Daily operational cost: $4000(avg)"
                    },
                    {
                        "shapeid": "myCustomShape",
                        "id": "NC",
                        "x": "576",
                        "y": "240",
                        "label": "North Carolina",
                        "value": "65",
                        "tooltext": "Capacity utilization: $value%{br}Packages shipped/day : 311120 Units(avg){br}Packages received/day: 311320 Units(avg){br}Daily operational cost: $2000(avg)"
                    },
                    {
                        "shapeid": "myCustomShape",
                        "id": "CA",
                        "x": "65.57",
                        "y": "227.21",
                        "label": "California",
                        "value": "80",
                        "tooltext": "Capacity utilization: $value%{br}Packages shipped/day : 126140 Units(avg) {br}Packages received/day: 129500 Units(avg){br}Daily operational cost: $6000(avg)"
                    }
                ],
                "connectors": [
                    {
                        "from": "CA",
                        "to": "WA",
                        "label": "20540",
                        "tooltext": "<b>Shipping Details:</b>{br}Daily shipment: $label Units{br}Average shipping cost: $1.2"
                    },
                    {
                        "from": "CA",
                        "to": "ID",
                        "label": "17400",
                        "tooltext": "<b>Shipping Details:</b>{br}Daily shipment: $label Units{br}Average shipping cost: $1.1"
                    },
                    {
                        "from": "CA",
                        "to": "MT",
                        "label": "15600",
                        "tooltext": "<b>Shipping Details:</b>{br}Daily shipment: $label Units{br}Average shipping cost: $1.3"
                    },
                    {
                        "from": "CA",
                        "to": "WY",
                        "label": "18400",
                        "tooltext": "<b>Shipping Details:</b>{br}Daily shipment: $label Units{br}Average shipping cost: $1.6"
                    },
                    {
                        "from": "CA",
                        "to": "NV",
                        "label": "19300",
                        "tooltext": "<b>Shipping Details:</b>{br}Daily shipment: $label Units{br}Average shipping cost: $0.4"
                    },
                    {
                        "from": "CA",
                        "to": "UT",
                        "label": "16500",
                        "tooltext": "<b>Shipping Details:</b>{br}Daily shipment: $label Units{br}Average shipping cost: $0.5"
                    },
                    {
                        "from": "CA",
                        "to": "AZ",
                        "label": "18400",
                        "tooltext": "<b>Shipping Details:</b>{br}Daily shipment: $label Units{br}Average shipping cost: $0.5"
                    },
                    {
                        "from": "TX",
                        "to": "NM",
                        "label": "21300",
                        "tooltext": "<b>Shipping Details:</b>{br}Daily shipment: $label Units{br}Average shipping cost: $0.4"
                    },
                    {
                        "from": "TX",
                        "to": "LA",
                        "label": "15440",
                        "tooltext": "<b>Shipping Details:</b>{br}Daily shipment: $label Units{br}Average shipping cost: $0.3"
                    },
                    {
                        "from": "TX",
                        "to": "OK",
                        "label": "16800",
                        "tooltext": "<b>Shipping Details:</b>{br}Daily shipment: $label Units{br}Average shipping cost: $0.3"
                    },
                    {
                        "from": "TX",
                        "to": "CO",
                        "label": "17200",
                        "tooltext": "<b>Shipping Details:</b>{br}Daily shipment: $label Units{br}Average shipping cost: $1.1"
                    },
                    {
                        "from": "TX",
                        "to": "KS",
                        "label": "13670",
                        "tooltext": "<b>Shipping Details:</b>{br}Daily shipment: $label Units{br}Average shipping cost: $0.5"
                    },
                    {
                        "from": "TX",
                        "to": "MO",
                        "label": "12560",
                        "tooltext": "<b>Shipping Details:</b>{br}Daily shipment: $label Units{br}Average shipping cost: $1.3"
                    },
                    {
                        "from": "TX",
                        "to": "AR",
                        "label": "19200",
                        "tooltext": "<b>Shipping Details:</b>{br}Daily shipment: $label Units{br}Average shipping cost: $0.4"
                    },
                    {
                        "from": "TX",
                        "to": "MS",
                        "label": "18760",
                        "tooltext": "<b>Shipping Details:</b>{br}Daily shipment: $label Units{br}Average shipping cost: $0.6"
                    },
                    {
                        "from": "TX",
                        "to": "NE",
                        "label": "16870",
                        "tooltext": "<b>Shipping Details:</b>{br}Daily shipment: $label Units{br}Average shipping cost: $1.4"
                    },
                    {
                        "from": "TX",
                        "to": "SD",
                        "label": "17300",
                        "tooltext": "<b>Shipping Details:</b>{br}Daily shipment: $label Units{br}Average shipping cost: $1.6"
                    },
                    {
                        "from": "TX",
                        "to": "ND",
                        "label": "19900",
                        "tooltext": "<b>Shipping Details:</b>{br}Daily shipment: $label Units{br}Average shipping cost: $1.7"
                    },
                    {
                        "from": "TX",
                        "to": "MN",
                        "label": "16100",
                        "tooltext": "<b>Shipping Details:</b>{br}Daily shipment: $label Units{br}Average shipping cost: $1.7"
                    },
                    {
                        "from": "TX",
                        "to": "WI",
                        "label": "14890",
                        "tooltext": "<b>Shipping Details:</b>{br}Daily shipment: $label Units{br}Average shipping cost: $1.7"
                    },
                    {
                        "from": "TX",
                        "to": "IA",
                        "label": "15600",
                        "tooltext": "<b>Shipping Details:</b>{br}Daily shipment: $label Units{br}Average shipping cost: 1.3"
                    },
                    {
                        "from": "TX",
                        "to": "IL",
                        "label": "17650",
                        "tooltext": "<b>Shipping Details:</b>{br}Daily shipment: $label Units{br}Average shipping cost: $1.4"
                    },
                    {
                        "from": "NC",
                        "to": "IN",
                        "label": "14700",
                        "tooltext": "<b>Shipping Details:</b>{br}Daily shipment: $label Units{br}Average shipping cost: $4"
                    },
                    {
                        "from": "NC",
                        "to": "MI",
                        "label": "18200",
                        "tooltext": "<b>Shipping Details:</b>{br}Daily shipment: $label Units{br}Average shipping cost: $1"
                    },
                    {
                        "from": "NC",
                        "to": "OH",
                        "label": "16540",
                        "tooltext": "<b>Shipping Details:</b>{br}Daily shipment: $label Units{br}Average shipping cost: $1.3"
                    },
                    {
                        "from": "NC",
                        "to": "KY",
                        "label": "15850",
                        "tooltext": "<b>Shipping Details:</b>{br}Daily shipment: $label Units{br}Average shipping cost: $0.4"
                    },
                    {
                        "from": "NC",
                        "to": "WV",
                        "label": "16430",
                        "tooltext": "<b>Shipping Details:</b>{br}Daily shipment: $label Units{br}Average shipping cost: $0.3"
                    },
                    {
                        "from": "NC",
                        "to": "PA",
                        "label": "15600",
                        "tooltext": "<b>Shipping Details:</b>{br}Daily shipment: $label Units{br}Average shipping cost: $0.3"
                    },
                    {
                        "from": "NC",
                        "to": "VT",
                        "label": "18400",
                        "tooltext": "<b>Shipping Details:</b>{br}Daily shipment: $label Units{br}Average shipping cost: $1.4"
                    },
                    {
                        "from": "NC",
                        "to": "NH",
                        "label": "16900",
                        "tooltext": "<b>Shipping Details:</b>{br}Daily shipment: $label Units{br}Average shipping cost: $1.4"
                    },
                    {
                        "from": "NC",
                        "to": "MA",
                        "label": "16590",
                        "tooltext": "<b>Shipping Details:</b>{br}Daily shipment: $label Units{br}Average shipping cost: $1.2"
                    },
                    {
                        "from": "NC",
                        "to": "CT",
                        "label": "18340",
                        "tooltext": "<b>Shipping Details:</b>{br}Daily shipment: $label Units{br}Average shipping cost: $1.6"
                    },
                    {
                        "from": "NC",
                        "to": "ME",
                        "label": "14680",
                        "tooltext": "<b>Shipping Details:</b>{br}Daily shipment: $label Units{br}Average shipping cost: $1.7"
                    },
                    {
                        "from": "NC",
                        "to": "NY",
                        "label": "23600",
                        "tooltext": "<b>Shipping Details:</b>{br}Daily shipment: $label Units{br}Average shipping cost: $1.4"
                    },
                    {
                        "from": "NC",
                        "to": "TN",
                        "label": "19800",
                        "tooltext": "<b>Shipping Details:</b>{br}Daily shipment: $label Units{br}Average shipping cost: $0.6"
                    },
                    {
                        "from": "NC",
                        "to": "AL",
                        "label": "13400",
                        "tooltext": "<b>Shipping Details:</b>{br}Daily shipment: $label Units{br}Average shipping cost: $0.4"
                    },
                    {
                        "from": "NC",
                        "to": "VA",
                        "label": "17260",
                        "tooltext": "<b>Shipping Details:</b>{br}Daily shipment: $label Units{br}Average shipping cost: $0.2"
                    },
                    {
                        "from": "NC",
                        "to": "GA",
                        "label": "17400",
                        "tooltext": "<b>Shipping Details:</b>{br}Daily shipment: $label Units{br}Average shipping cost: $0.3"
                    },
                    {
                        "from": "NC",
                        "to": "SC",
                        "label": "16230",
                        "tooltext": "<b>Shipping Details:</b>{br}Daily shipment: $label Units{br}Average shipping cost: $0.2"
                    },
                    {
                        "from": "NC",
                        "to": "FL",
                        "label": "21200",
                        "tooltext": "<b>Shipping Details:</b>{br}Daily shipment: $label Units{br}Average shipping cost: $1.6"
                    }
                ]
            }
        }
    }
]